,id,texture,rs,mvol,mwp,mwplog,bd,porosity,clay,silt,sand,org,ra,thaS,thaR,alpha1,n1,alpha2,n2,w1,m1,m2,mvol_pre
1,Valentine,Sand,0.1,0.05,234,2.37,1.35,0.49,0.03,0.07,0.9,0.009,0.77,0.3866,0.0435,0.0375,2.8138,0,0,1,0.64,0,0.05
2,Valentine,Sand,0.28,0.14,51,1.71,1.35,0.49,0.03,0.07,0.9,0.009,0.93,0.3866,0.0435,0.0375,2.8138,0,0,1,0.64,0,0.14
3,Valentine,Sand,0.46,0.22,33,1.51,1.35,0.49,0.03,0.07,0.9,0.009,1,0.3866,0.0435,0.0375,2.8138,0,0,1,0.64,0,0.22
4,Valentine,Sand,0.62,0.3,22,1.34,1.35,0.49,0.03,0.07,0.9,0.009,0.88,0.3866,0.0435,0.0375,2.8138,0,0,1,0.64,0,0.3
5,Valentine,Sand,0.78,0.38,8,0.88,1.35,0.49,0.03,0.07,0.9,0.009,0.49,0.3866,0.0435,0.0375,2.8138,0,0,1,0.64,0,0.38
6,wet_mid,Sandyloam,0.17,0.14,400,2.6,0.46,0.859,0.04,0.32,0.64,0.126,0.61,0.856,0,0.002,3.896,0.404,2.735,0.214,0.74,0.63,0.14
7,wet_mid,Sandyloam,0.2,0.18,250,2.4,0.46,0.859,0.04,0.32,0.64,0.126,0.5,0.856,0,0.002,3.896,0.404,2.735,0.214,0.74,0.63,0.17
8,wet_mid,Sandyloam,0.21,0.18,100,2,0.46,0.859,0.04,0.32,0.64,0.126,0.73,0.856,0,0.002,3.896,0.404,2.735,0.214,0.74,0.63,0.18
9,wet_mid,Sandyloam,0.22,0.19,30,1.48,0.46,0.859,0.04,0.32,0.64,0.126,0.98,0.856,0,0.002,3.896,0.404,2.735,0.214,0.74,0.63,0.19
10,wet_mid,Sandyloam,0.28,0.24,10,1,0.46,0.859,0.04,0.32,0.64,0.126,0.97,0.856,0,0.002,3.896,0.404,2.735,0.214,0.74,0.63,0.24
11,dry_top,Sandyloam,0.24,0.19,400,2.6,0.89,0.779,0.05,0.28,0.67,0.057,0.55,0.779,0,0.003,1.66,0.376,4.557,0.344,0.4,0.78,0.19
12,dry_top,Sandyloam,0.28,0.22,250,2.4,0.89,0.779,0.05,0.28,0.67,0.057,0.52,0.779,0,0.003,1.66,0.376,4.557,0.344,0.4,0.78,0.22
13,dry_top,Sandyloam,0.33,0.25,100,2,0.89,0.779,0.05,0.28,0.67,0.057,0.59,0.779,0,0.003,1.66,0.376,4.557,0.344,0.4,0.78,0.25
14,dry_top,Sandyloam,0.34,0.27,30,1.48,0.89,0.779,0.05,0.28,0.67,0.057,0.77,0.779,0,0.003,1.66,0.376,4.557,0.344,0.4,0.78,0.27
15,dry_top,Sandyloam,0.35,0.27,10,1,0.89,0.779,0.05,0.28,0.67,0.057,1,0.779,0,0.003,1.66,0.376,4.557,0.344,0.4,0.78,0.27
16,Int_mid,Sandyloam,0.17,0.12,400,2.6,1.04,0.709,0.05,0.31,0.64,0.032,0.71,0.709,0,0.005,1.49,0.338,4.629,0.227,0.33,0.78,0.1
17,Int_mid,Sandyloam,0.21,0.15,250,2.4,1.04,0.709,0.05,0.31,0.64,0.032,0.71,0.709,0,0.005,1.49,0.338,4.629,0.227,0.33,0.78,0.12
18,Int_mid,Sandyloam,0.25,0.18,100,2,1.04,0.709,0.05,0.31,0.64,0.032,0.84,0.709,0,0.005,1.49,0.338,4.629,0.227,0.33,0.78,0.15
19,Int_mid,Sandyloam,0.26,0.19,30,1.48,1.04,0.709,0.05,0.31,0.64,0.032,0.98,0.709,0,0.005,1.49,0.338,4.629,0.227,0.33,0.78,0.16
20,Int_mid,Sandyloam,0.28,0.2,10,1,1.04,0.709,0.05,0.31,0.64,0.032,0.99,0.709,0,0.005,1.49,0.338,4.629,0.227,0.33,0.78,0.17
26,wet_btm,Sandyloam,0.12,0.1,400,2.6,0.54,0.866,0.05,0.25,0.73,0.103,0.93,0.886,0,0.003,1.753,0.391,3.545,0.173,0.43,0.72,0.11
27,wet_btm,Sandyloam,0.14,0.12,250,2.4,0.54,0.866,0.05,0.25,0.73,0.103,0.93,0.886,0,0.003,1.753,0.391,3.545,0.173,0.43,0.72,0.13
28,wet_btm,Sandyloam,0.16,0.14,100,2,0.54,0.866,0.05,0.25,0.73,0.103,0.78,0.886,0,0.003,1.753,0.391,3.545,0.173,0.43,0.72,0.15
29,wet_btm,Sandyloam,0.17,0.15,30,1.48,0.54,0.866,0.05,0.25,0.73,0.103,1,0.886,0,0.003,1.753,0.391,3.545,0.173,0.43,0.72,0.15
30,wet_btm,Sandyloam,0.2,0.17,10,1,0.54,0.866,0.05,0.25,0.73,0.103,0.75,0.886,0,0.003,1.753,0.391,3.545,0.173,0.43,0.72,0.18
36,Int_top,Sandyloam,0.21,0.17,400,2.6,0.51,0.817,0.06,0.23,0.71,0.104,0.6,0.817,0,0.007,1.301,0.386,4.176,0.3,0.23,0.76,0.17
37,Int_top,Sandyloam,0.23,0.19,250,2.4,0.51,0.817,0.06,0.23,0.71,0.104,0.47,0.817,0,0.007,1.301,0.386,4.176,0.3,0.23,0.76,0.19
38,Int_top,Sandyloam,0.27,0.22,100,2,0.51,0.817,0.06,0.23,0.71,0.104,0.66,0.817,0,0.007,1.301,0.386,4.176,0.3,0.23,0.76,0.22
39,Int_top,Sandyloam,0.29,0.24,30,1.48,0.51,0.817,0.06,0.23,0.71,0.104,0.99,0.817,0,0.007,1.301,0.386,4.176,0.3,0.23,0.76,0.24
40,Int_top,Sandyloam,0.31,0.25,10,1,0.51,0.817,0.06,0.23,0.71,0.104,1,0.817,0,0.007,1.301,0.386,4.176,0.3,0.23,0.76,0.25
41,Int_btm,Sandyloam,0.15,0.1,400,2.6,1.25,0.695,0.07,0.32,0.61,0.023,0.74,0.695,0,0.003,1.974,0.395,3.684,0.265,0.49,0.73,0.12
42,Int_btm,Sandyloam,0.17,0.12,250,2.4,1.25,0.695,0.07,0.32,0.61,0.023,0.53,0.695,0,0.003,1.974,0.395,3.684,0.265,0.49,0.73,0.15
43,Int_btm,Sandyloam,0.21,0.14,100,2,1.25,0.695,0.07,0.32,0.61,0.023,0.71,0.695,0,0.003,1.974,0.395,3.684,0.265,0.49,0.73,0.18
44,Int_btm,Sandyloam,0.22,0.15,30,1.48,1.25,0.695,0.07,0.32,0.61,0.023,0.99,0.695,0,0.003,1.974,0.395,3.684,0.265,0.49,0.73,0.18
45,Int_btm,Sandyloam,0.24,0.16,10,1,1.25,0.695,0.07,0.32,0.61,0.023,0.92,0.695,0,0.003,1.974,0.395,3.684,0.265,0.49,0.73,0.2
46,dry_btm,Sandyloam,0.22,0.13,400,2.6,1.56,0.603,0.09,0.26,0.65,0.025,0.65,0.603,0,0.004,1.33,0.413,5,0.282,0.25,0.8,0.13
47,dry_btm,Sandyloam,0.24,0.14,250,2.4,1.56,0.603,0.09,0.26,0.65,0.025,0.54,0.603,0,0.004,1.33,0.413,5,0.282,0.25,0.8,0.14
48,dry_btm,Sandyloam,0.26,0.16,100,2,1.56,0.603,0.09,0.26,0.65,0.025,0.61,0.603,0,0.004,1.33,0.413,5,0.282,0.25,0.8,0.16
49,dry_btm,Sandyloam,0.28,0.17,30,1.48,1.56,0.603,0.09,0.26,0.65,0.025,0.84,0.603,0,0.004,1.33,0.413,5,0.282,0.25,0.8,0.17
50,dry_btm,Sandyloam,0.28,0.17,10,1,1.56,0.603,0.09,0.26,0.65,0.025,1,0.603,0,0.004,1.33,0.413,5,0.282,0.25,0.8,0.17
51,Min1c,Loamysand,0.08,0.038,3026,3.481,1.359,0.48,0.09,0.09,0.82,0.014,0.41,0.4989,0.027,0.97,1.3518,0,0,1,0.26,0,0.06
52,Min1c,Loamysand,0.23,0.104,540,2.732,1.441,0.45,0.09,0.09,0.82,0.014,0.57,0.4989,0.027,0.97,1.3518,0,0,1,0.26,0,0.08
53,Min1c,Loamysand,0.45,0.183,23,1.362,1.577,0.4,0.09,0.09,0.82,0.014,0.65,0.4989,0.027,0.97,1.3518,0,0,1,0.26,0,0.18
54,Min1c,Loamysand,0.47,0.211,13,1.13,1.462,0.44,0.09,0.09,0.82,0.014,0.77,0.4989,0.027,0.97,1.3518,0,0,1,0.26,0,0.22
55,Min1c,Loamysand,0.55,0.251,7,0.827,1.445,0.45,0.09,0.09,0.82,0.014,0.83,0.4989,0.027,0.97,1.3518,0,0,1,0.26,0,0.27
56,Min1c,Loamysand,0.65,0.294,5,0.656,1.454,0.45,0.09,0.09,0.82,0.014,1,0.4989,0.027,0.97,1.3518,0,0,1,0.26,0,0.3
57,Min1c,Loamysand,0.76,0.35,3,0.525,1.425,0.46,0.09,0.09,0.82,0.014,0.78,0.4989,0.027,0.97,1.3518,0,0,1,0.26,0,0.32
58,Min1c,Loamysand,0.76,0.382,2,0.199,1.316,0.5,0.09,0.09,0.82,0.014,0.78,0.4989,0.027,0.97,1.3518,0,0,1,0.26,0,0.39
59,Min1,Loamysand,0.14,0.064,2798,3.447,1.397,0.47,0.09,0.09,0.82,0.014,0.51,0.61,0.0585,0.98,1.5817,0,0,1,0.37,0,0.06
60,Min1,Loamysand,0.28,0.146,25,1.404,1.279,0.51,0.09,0.09,0.82,0.014,0.89,0.61,0.0585,0.98,1.5817,0,0,1,0.37,0,0.14
61,Min1,Loamysand,0.49,0.243,6,0.763,1.337,0.49,0.09,0.09,0.82,0.014,0.8,0.61,0.0585,0.98,1.5817,0,0,1,0.37,0,0.25
62,Min1,Loamysand,0.58,0.296,4,0.622,1.299,0.5,0.09,0.09,0.82,0.014,1,0.61,0.0585,0.98,1.5817,0,0,1,0.37,0,0.29
63,Min1,Loamysand,0.69,0.355,2,0.391,1.295,0.51,0.09,0.09,0.82,0.014,0.98,0.61,0.0585,0.98,1.5817,0,0,1,0.37,0,0.36
64,Min1,Loamysand,0.72,0.389,1,0.152,1.217,0.54,0.09,0.09,0.82,0.014,0.97,0.61,0.0585,0.98,1.5817,0,0,1,0.37,0,0.44
65,Min1,Loamysand,0.81,0.454,2,0.279,1.171,0.55,0.09,0.09,0.82,0.014,0.94,0.61,0.0585,0.98,1.5817,0,0,1,0.37,0,0.4
66,Min1,Loamysand,0.9,0.515,1,-0.051,1.129,0.57,0.09,0.09,0.82,0.014,0.73,0.61,0.0585,0.98,1.5817,0,0,1,0.37,0,0.5
67,CloMin1c,Loamysand,0.07,0.036,5982,3.777,1.276,0.51,0.1,0.125,0.775,0.014,0.55,0.51,0.0298,0.7649,1.3839,0,0,1,0.28,0,0.05
68,CloMin1c,Loamysand,0.19,0.096,526,2.721,1.33,0.49,0.1,0.125,0.775,0.014,0.53,0.51,0.0298,0.7649,1.3839,0,0,1,0.28,0,0.08
69,CloMin1c,Loamysand,0.29,0.15,53,1.721,1.295,0.51,0.1,0.125,0.775,0.014,0.8,0.51,0.0298,0.7649,1.3839,0,0,1,0.28,0,0.15
70,CloMin1c,Loamysand,0.45,0.206,16,1.21,1.429,0.45,0.1,0.125,0.775,0.014,0.87,0.51,0.0298,0.7649,1.3839,0,0,1,0.28,0,0.21
71,CloMin1c,Loamysand,0.51,0.242,9,0.934,1.393,0.47,0.1,0.125,0.775,0.014,0.9,0.51,0.0298,0.7649,1.3839,0,0,1,0.28,0,0.26
72,CloMin1c,Loamysand,0.63,0.289,5,0.707,1.429,0.45,0.1,0.125,0.775,0.014,0.88,0.51,0.0298,0.7649,1.3839,0,0,1,0.28,0,0.3
73,CloMin1c,Loamysand,0.85,0.369,4,0.572,1.502,0.43,0.1,0.125,0.775,0.014,0.64,0.51,0.0298,0.7649,1.3839,0,0,1,0.28,0,0.33
74,CloMin1c,Loamysand,0.81,0.394,2,0.246,1.359,0.48,0.1,0.125,0.775,0.014,0.93,0.51,0.0298,0.7649,1.3839,0,0,1,0.28,0,0.4
75,CloMin1,Loamysand,0.1,0.056,2503,3.398,1.217,0.54,0.1,0.125,0.775,0.014,0.31,0.676,0.0624,1.0327,1.6456,0,0,1,0.39,0,0.07
76,CloMin1,Loamysand,0.24,0.135,44,1.647,1.185,0.55,0.1,0.125,0.775,0.014,0.47,0.676,0.0624,1.0327,1.6456,0,0,1,0.39,0,0.11
77,CloMin1,Loamysand,0.44,0.231,6,0.799,1.269,0.52,0.1,0.125,0.775,0.014,1,0.676,0.0624,1.0327,1.6456,0,0,1,0.39,0,0.24
78,CloMin1,Loamysand,0.52,0.28,4,0.647,1.229,0.53,0.1,0.125,0.775,0.014,0.62,0.676,0.0624,1.0327,1.6456,0,0,1,0.39,0,0.29
79,CloMin1,Loamysand,0.59,0.324,3,0.529,1.182,0.55,0.1,0.125,0.775,0.014,0.78,0.676,0.0624,1.0327,1.6456,0,0,1,0.39,0,0.32
80,CloMin1,Loamysand,0.64,0.365,2,0.373,1.142,0.56,0.1,0.125,0.775,0.014,0.59,0.676,0.0624,1.0327,1.6456,0,0,1,0.39,0,0.38
81,CloMin1,Loamysand,0.84,0.463,2,0.246,1.193,0.54,0.1,0.125,0.775,0.014,0.53,0.676,0.0624,1.0327,1.6456,0,0,1,0.39,0,0.43
82,CloMin1,Loamysand,0.85,0.498,1,0.045,1.092,0.58,0.1,0.125,0.775,0.014,0.29,0.676,0.0624,1.0327,1.6456,0,0,1,0.39,0,0.51
83,LERB_NA1,Loamysand,0.21,0.11,150,2.176,1.22,0.53,0.109,0.076,0.815,0.013,0.39,0.34,0,0.637,1.273,0,0,1,0.21,0,0.1
84,LERB_NA1,Loamysand,0.24,0.13,50,1.699,1.22,0.53,0.109,0.076,0.815,0.013,0.58,0.34,0,0.637,1.273,0,0,1,0.21,0,0.13
85,LERB_NA1,Loamysand,0.33,0.18,10,1,1.22,0.53,0.109,0.076,0.815,0.013,0.76,0.34,0,0.637,1.273,0,0,1,0.21,0,0.2
86,LERB_NA1,Loamysand,0.51,0.28,3,0.477,1.22,0.53,0.109,0.076,0.815,0.013,1,0.34,0,0.637,1.273,0,0,1,0.21,0,0.26
87,LERB_SI2,Sandyloam,0.22,0.12,150,2.176,1.23,0.53,0.109,0.091,0.8,0.015,0.66,0.37,0,0.8075,1.2542,0,0,1,0.2,0,0.11
88,LERB_SI2,Sandyloam,0.27,0.14,50,1.699,1.23,0.53,0.109,0.091,0.8,0.015,0.82,0.37,0,0.8075,1.2542,0,0,1,0.2,0,0.14
89,LERB_SI2,Sandyloam,0.37,0.2,10,1,1.23,0.53,0.109,0.091,0.8,0.015,0.96,0.37,0,0.8075,1.2542,0,0,1,0.2,0,0.21
90,LERB_SI2,Sandyloam,0.54,0.29,3,0.477,1.23,0.53,0.109,0.091,0.8,0.015,1,0.37,0,0.8075,1.2542,0,0,1,0.2,0,0.28
91,Bro1c,Sandyloam,0.07,0.035,3026,3.481,1.25,0.52,0.11,0.11,0.78,0.014,0.46,0.4926,0.02464,0.72146,1.3776,0,0,1,0.27,0,0.05
92,Bro1c,Sandyloam,0.18,0.091,633,2.802,1.266,0.52,0.11,0.11,0.78,0.014,0.6,0.4926,0.02464,0.72146,1.3776,0,0,1,0.27,0,0.07
93,Bro1c,Sandyloam,0.31,0.155,44,1.648,1.333,0.49,0.11,0.11,0.78,0.014,0.66,0.4926,0.02464,0.72146,1.3776,0,0,1,0.27,0,0.15
94,Bro1c,Sandyloam,0.41,0.197,16,1.204,1.37,0.48,0.11,0.11,0.78,0.014,1,0.4926,0.02464,0.72146,1.3776,0,0,1,0.27,0,0.21
95,Bro1c,Sandyloam,0.55,0.251,8,0.901,1.441,0.45,0.11,0.11,0.78,0.014,0.85,0.4926,0.02464,0.72146,1.3776,0,0,1,0.27,0,0.26
96,Bro1c,Sandyloam,0.58,0.278,6,0.779,1.377,0.47,0.11,0.11,0.78,0.014,0.75,0.4926,0.02464,0.72146,1.3776,0,0,1,0.27,0,0.28
97,Bro1c,Sandyloam,0.73,0.344,4,0.622,1.397,0.47,0.11,0.11,0.78,0.014,0.64,0.4926,0.02464,0.72146,1.3776,0,0,1,0.27,0,0.32
98,Bro1c,Sandyloam,0.69,0.363,2,0.358,1.25,0.52,0.11,0.11,0.78,0.014,0.78,0.4926,0.02464,0.72146,1.3776,0,0,1,0.27,0,0.37
99,Bro1,Sandyloam,0.11,0.057,2327,3.367,1.229,0.53,0.11,0.11,0.78,0.014,0.42,0.55,0.0688,0.6054,1.799,0,0,1,0.44,0,0.07
100,Bro1,Sandyloam,0.24,0.134,37,1.564,1.179,0.55,0.11,0.11,0.78,0.014,0.73,0.55,0.0688,0.6054,1.799,0,0,1,0.44,0,0.11
101,Bro1,Sandyloam,0.39,0.215,6,0.785,1.179,0.55,0.11,0.11,0.78,0.014,0.79,0.55,0.0688,0.6054,1.799,0,0,1,0.44,0,0.23
102,Bro1,Sandyloam,0.54,0.285,4,0.609,1.25,0.52,0.11,0.11,0.78,0.014,0.92,0.55,0.0688,0.6054,1.799,0,0,1,0.44,0,0.29
103,Bro1,Sandyloam,0.56,0.317,3,0.496,1.157,0.56,0.11,0.11,0.78,0.014,0.81,0.55,0.0688,0.6054,1.799,0,0,1,0.44,0,0.32
104,Bro1,Sandyloam,0.68,0.376,2,0.32,1.177,0.55,0.11,0.11,0.78,0.014,1,0.55,0.0688,0.6054,1.799,0,0,1,0.44,0,0.39
105,Bro1,Sandyloam,0.72,0.423,2,0.305,1.089,0.58,0.11,0.11,0.78,0.014,0.73,0.55,0.0688,0.6054,1.799,0,0,1,0.44,0,0.39
106,Bro1,Sandyloam,0.87,0.504,1,-0.143,1.106,0.58,0.11,0.11,0.78,0.014,0.65,0.55,0.0688,0.6054,1.799,0,0,1,0.44,0,0.51
107,LERB_SI6,Sandyloam,0.25,0.13,150,2.176,1.21,0.54,0.112,0.128,0.76,0.016,0.64,0.38,0,0.877,1.22,0,0,1,0.18,0,0.13
108,LERB_SI6,Sandyloam,0.31,0.17,50,1.699,1.21,0.54,0.112,0.128,0.76,0.016,0.74,0.38,0,0.877,1.22,0,0,1,0.18,0,0.17
109,LERB_SI6,Sandyloam,0.42,0.22,10,1,1.21,0.54,0.112,0.128,0.76,0.016,0.97,0.38,0,0.877,1.22,0,0,1,0.18,0,0.23
110,LERB_SI6,Sandyloam,0.56,0.3,3,0.477,1.21,0.54,0.112,0.128,0.76,0.016,1,0.38,0,0.877,1.22,0,0,1,0.18,0,0.29
111,LERB_SI4,Sandyloam,0.25,0.13,150,2.176,1.24,0.52,0.115,0.115,0.77,0.016,0.54,0.35,0,0.505,1.239,0,0,1,0.19,0,0.12
112,LERB_SI4,Sandyloam,0.31,0.16,50,1.699,1.24,0.52,0.115,0.115,0.77,0.016,0.69,0.35,0,0.505,1.239,0,0,1,0.19,0,0.16
113,LERB_SI4,Sandyloam,0.42,0.22,10,1,1.24,0.52,0.115,0.115,0.77,0.016,0.81,0.35,0,0.505,1.239,0,0,1,0.19,0,0.23
114,LERB_SI4,Sandyloam,0.58,0.3,3,0.477,1.24,0.52,0.115,0.115,0.77,0.016,1,0.35,0,0.505,1.239,0,0,1,0.19,0,0.29
115,Min2c,Loamysand,0.07,0.036,2503,3.398,1.295,0.5,0.12,0.12,0.76,0.015,0.24,0.48,0.048,0.315,1.532,0,0,1,0.35,0,0.06
116,Min2c,Loamysand,0.18,0.093,1210,3.083,1.289,0.51,0.12,0.12,0.76,0.015,0.45,0.48,0.048,0.315,1.532,0,0,1,0.35,0,0.07
117,Min2c,Loamysand,0.32,0.158,37,1.567,1.359,0.48,0.12,0.12,0.76,0.015,0.67,0.48,0.048,0.315,1.532,0,0,1,0.35,0,0.16
118,Min2c,Loamysand,0.46,0.209,28,1.448,1.449,0.44,0.12,0.12,0.76,0.015,0.77,0.48,0.048,0.315,1.532,0,0,1,0.35,0,0.18
119,Min2c,Loamysand,0.52,0.244,12,1.093,1.401,0.46,0.12,0.12,0.76,0.015,0.95,0.48,0.048,0.315,1.532,0,0,1,0.35,0,0.25
120,Min2c,Loamysand,0.53,0.267,7,0.849,1.323,0.49,0.12,0.12,0.76,0.015,0.92,0.48,0.048,0.315,1.532,0,0,1,0.35,0,0.31
121,Min2c,Loamysand,0.86,0.372,5,0.707,1.511,0.42,0.12,0.12,0.76,0.015,0.83,0.48,0.048,0.315,1.532,0,0,1,0.35,0,0.34
122,Min2c,Loamysand,0.84,0.402,3,0.484,1.385,0.47,0.12,0.12,0.76,0.015,0.83,0.48,0.048,0.315,1.532,0,0,1,0.35,0,0.39
123,Min2,Loamysand,0.1,0.054,3484,3.542,1.174,0.55,0.12,0.12,0.76,0.015,0.43,0.48,0.055,0.435,1.756,0,0,1,0.43,0,0.06
124,Min2,Loamysand,0.27,0.141,53,1.723,1.238,0.53,0.12,0.12,0.76,0.015,0.66,0.48,0.055,0.435,1.756,0,0,1,0.43,0,0.09
125,Min2,Loamysand,0.41,0.222,9,0.977,1.22,0.53,0.12,0.12,0.76,0.015,0.7,0.48,0.055,0.435,1.756,0,0,1,0.43,0,0.2
126,Min2,Loamysand,0.51,0.276,5,0.695,1.211,0.54,0.12,0.12,0.76,0.015,0.84,0.48,0.055,0.435,1.756,0,0,1,0.43,0,0.27
127,Min2,Loamysand,0.63,0.336,4,0.559,1.226,0.53,0.12,0.12,0.76,0.015,0.99,0.48,0.055,0.435,1.756,0,0,1,0.43,0,0.31
128,Min2,Loamysand,0.67,0.373,3,0.446,1.166,0.55,0.12,0.12,0.76,0.015,0.93,0.48,0.055,0.435,1.756,0,0,1,0.43,0,0.35
129,Min2,Loamysand,0.79,0.448,3,0.42,1.155,0.56,0.12,0.12,0.76,0.015,1,0.48,0.055,0.435,1.756,0,0,1,0.43,0,0.35
130,Min2,Loamysand,0.88,0.508,1,0.164,1.114,0.57,0.12,0.12,0.76,0.015,0.59,0.48,0.055,0.435,1.756,0,0,1,0.43,0,0.42
131,Cecile,Sandyloam,0.13,0.07,29516,4.47,1.1,0.57,0.14,0.16,0.7,0.031,0.75,0.46,0.05,0.0694,1.412,0,0,1,0.29,0,0.07
132,Cecile,Sandyloam,0.28,0.16,304,2.48,1.1,0.57,0.14,0.16,0.7,0.031,0.78,0.46,0.05,0.0694,1.412,0,0,1,0.29,0,0.17
133,Cecile,Sandyloam,0.46,0.26,77,1.89,1.1,0.57,0.14,0.16,0.7,0.031,0.97,0.46,0.05,0.0694,1.412,0,0,1,0.29,0,0.25
134,Cecile,Sandyloam,0.65,0.38,14,1.16,1.1,0.57,0.14,0.16,0.7,0.031,0.97,0.46,0.05,0.0694,1.412,0,0,1,0.29,0,0.39
135,Cecile,Sandyloam,0.77,0.44,5,0.7,1.1,0.57,0.14,0.16,0.7,0.031,0.5,0.46,0.05,0.0694,1.412,0,0,1,0.29,0,0.44
136,Kole,Loam,0.14,0.08,11315,4.05,1.1,0.57,0.14,0.37,0.49,0.035,0.14,0.6,0,0.3237,1.18,0,0,1,0.15,0,0.14
137,Kole,Loam,0.32,0.18,3079,3.49,1.1,0.57,0.14,0.37,0.49,0.035,0.51,0.6,0,0.3237,1.18,0,0,1,0.15,0,0.17
138,Kole,Loam,0.47,0.27,369,2.57,1.1,0.57,0.14,0.37,0.49,0.035,0.78,0.6,0,0.3237,1.18,0,0,1,0.15,0,0.25
139,Kole,Loam,0.67,0.38,60,1.78,1.1,0.57,0.14,0.37,0.49,0.035,0.99,0.6,0,0.3237,1.18,0,0,1,0.15,0,0.35
140,Kole,Loam,0.79,0.45,8,0.9,1.1,0.57,0.14,0.37,0.49,0.035,0.88,0.6,0,0.3237,1.18,0,0,1,0.15,0,0.48
141,Bro2c,Loamysand,0.07,0.035,5602,3.748,1.26,0.52,0.15,0.125,0.725,0.015,0.19,0.506,0.018,0.698,1.307,0,0,1,0.23,0,0.06
142,Bro2c,Loamysand,0.16,0.086,1220,3.086,1.191,0.54,0.15,0.125,0.725,0.015,0.52,0.506,0.018,0.698,1.307,0,0,1,0.23,0,0.08
143,Bro2c,Loamysand,0.29,0.15,273,2.436,1.292,0.5,0.15,0.125,0.725,0.015,0.57,0.506,0.018,0.698,1.307,0,0,1,0.23,0,0.12
144,Bro2c,Loamysand,0.37,0.188,35,1.544,1.306,0.5,0.15,0.125,0.725,0.015,0.73,0.506,0.018,0.698,1.307,0,0,1,0.23,0,0.2
145,Bro2c,Loamysand,0.5,0.24,18,1.26,1.381,0.47,0.15,0.125,0.725,0.015,0.88,0.506,0.018,0.698,1.307,0,0,1,0.23,0,0.24
146,Bro2c,Loamysand,0.5,0.259,7,0.873,1.282,0.51,0.15,0.125,0.725,0.015,0.8,0.506,0.018,0.698,1.307,0,0,1,0.23,0,0.3
147,Bro2c,Loamysand,0.74,0.346,5,0.716,1.405,0.46,0.15,0.125,0.725,0.015,0.89,0.506,0.018,0.698,1.307,0,0,1,0.23,0,0.33
148,Bro2c,Loamysand,0.81,0.394,4,0.549,1.359,0.48,0.15,0.125,0.725,0.015,0.78,0.506,0.018,0.698,1.307,0,0,1,0.23,0,0.37
149,Bro2,Loamysand,0.09,0.05,2790,3.446,1.092,0.58,0.15,0.125,0.725,0.015,0.26,0.506,0.058,0.751,1.655,0,0,1,0.4,0,0.06
150,Bro2,Loamysand,0.2,0.122,182,2.26,1.066,0.59,0.15,0.125,0.725,0.015,0.55,0.506,0.058,0.751,1.655,0,0,1,0.4,0,0.08
151,Bro2,Loamysand,0.36,0.207,9,0.956,1.136,0.56,0.15,0.125,0.725,0.015,0.66,0.506,0.058,0.751,1.655,0,0,1,0.4,0,0.18
152,Bro2,Loamysand,0.46,0.26,5,0.689,1.139,0.56,0.15,0.125,0.725,0.015,1,0.506,0.058,0.751,1.655,0,0,1,0.4,0,0.24
153,Bro2,Loamysand,0.57,0.319,3,0.494,1.163,0.55,0.15,0.125,0.725,0.015,0.63,0.506,0.058,0.751,1.655,0,0,1,0.4,0,0.29
154,Bro2,Loamysand,0.63,0.361,2,0.384,1.129,0.57,0.15,0.125,0.725,0.015,0.74,0.506,0.058,0.751,1.655,0,0,1,0.4,0,0.33
155,Bro2,Loamysand,0.75,0.435,1,0.161,1.121,0.57,0.15,0.125,0.725,0.015,0.95,0.506,0.058,0.751,1.655,0,0,1,0.4,0,0.39
156,Bro2,Loamysand,0.87,0.506,1,0.053,1.109,0.58,0.15,0.125,0.725,0.015,0.52,0.506,0.058,0.751,1.655,0,0,1,0.4,0,0.42
157,LERB_NA2,Sandyloam,0.24,0.13,150,2.176,1.14,0.56,0.157,0.103,0.74,0.013,0.65,0.35,0,0.95,1.17,0,0,1,0.15,0,0.15
158,LERB_NA2,Sandyloam,0.27,0.16,50,1.699,1.14,0.56,0.157,0.103,0.74,0.013,0.72,0.35,0,0.95,1.17,0,0,1,0.15,0,0.18
159,LERB_NA2,Sandyloam,0.34,0.19,10,1,1.14,0.56,0.157,0.103,0.74,0.013,0.83,0.35,0,0.95,1.17,0,0,1,0.15,0,0.24
160,LERB_NA2,Sandyloam,0.44,0.25,3,0.477,1.14,0.56,0.157,0.103,0.74,0.013,1,0.35,0,0.95,1.17,0,0,1,0.15,0,0.28
161,Walla,Siltloam,0.12,0.07,32186,4.51,1.1,0.58,0.16,0.68,0.16,0.011,0.38,0.4295,0.02,0.0132,1.26,0,0,1,0.21,0,0.1
162,Walla,Siltloam,0.29,0.17,2024,3.31,1.1,0.58,0.16,0.68,0.16,0.011,0.75,0.4295,0.02,0.0132,1.26,0,0,1,0.21,0,0.19
163,Walla,Siltloam,0.46,0.27,347,2.54,1.1,0.58,0.16,0.68,0.16,0.011,0.9,0.4295,0.02,0.0132,1.26,0,0,1,0.21,0,0.29
164,Walla,Siltloam,0.62,0.36,93,1.97,1.1,0.58,0.16,0.68,0.16,0.011,1,0.4295,0.02,0.0132,1.26,0,0,1,0.21,0,0.36
165,Walla,Siltloam,0.71,0.41,23,1.37,1.1,0.58,0.16,0.68,0.16,0.011,0.8,0.4295,0.02,0.0132,1.26,0,0,1,0.21,0,0.41
166,CloMin2c,Sandyloam,0.06,0.031,5478,3.739,1.124,0.57,0.16,0.17,0.67,0.021,0.25,0.522,0,0.855,1.249,0,0,1,0.2,0,0.06
167,CloMin2c,Sandyloam,0.17,0.089,1877,3.273,1.232,0.53,0.16,0.17,0.67,0.021,0.4,0.522,0,0.855,1.249,0,0,1,0.2,0,0.08
168,CloMin2c,Sandyloam,0.27,0.144,531,2.725,1.238,0.52,0.16,0.17,0.67,0.021,0.56,0.522,0,0.855,1.249,0,0,1,0.2,0,0.11
169,CloMin2c,Sandyloam,0.34,0.18,101,2.002,1.247,0.52,0.16,0.17,0.67,0.021,0.71,0.522,0,0.855,1.249,0,0,1,0.2,0,0.17
170,CloMin2c,Sandyloam,0.45,0.228,23,1.362,1.309,0.5,0.16,0.17,0.67,0.021,1,0.522,0,0.855,1.249,0,0,1,0.2,0,0.25
171,CloMin2c,Sandyloam,0.56,0.274,14,1.158,1.359,0.48,0.16,0.17,0.67,0.021,0.81,0.522,0,0.855,1.249,0,0,1,0.2,0,0.28
172,CloMin2c,Sandyloam,0.62,0.318,7,0.838,1.292,0.5,0.16,0.17,0.67,0.021,0.94,0.522,0,0.855,1.249,0,0,1,0.2,0,0.33
173,CloMin2c,Sandyloam,0.78,0.388,4,0.589,1.337,0.49,0.16,0.17,0.67,0.021,0.74,0.522,0,0.855,1.249,0,0,1,0.2,0,0.37
174,CloMin2,Sandyloam,0.1,0.054,3210,3.506,1.171,0.55,0.16,0.17,0.67,0.021,0.33,0.59,0.07224,0.78,1.5354,0,0,1,0.35,0,0.08
175,CloMin2,Sandyloam,0.22,0.126,354,2.549,1.106,0.57,0.16,0.17,0.67,0.021,0.54,0.59,0.07224,0.78,1.5354,0,0,1,0.35,0,0.1
176,CloMin2,Sandyloam,0.36,0.207,22,1.336,1.139,0.56,0.16,0.17,0.67,0.021,0.79,0.59,0.07224,0.78,1.5354,0,0,1,0.35,0,0.19
177,CloMin2,Sandyloam,0.43,0.251,6,0.787,1.099,0.58,0.16,0.17,0.67,0.021,0.91,0.59,0.07224,0.78,1.5354,0,0,1,0.35,0,0.29
178,CloMin2,Sandyloam,0.52,0.302,4,0.647,1.104,0.58,0.16,0.17,0.67,0.021,0.85,0.59,0.07224,0.78,1.5354,0,0,1,0.35,0,0.33
179,CloMin2,Sandyloam,0.53,0.327,4,0.609,1.02,0.61,0.16,0.17,0.67,0.021,1,0.59,0.07224,0.78,1.5354,0,0,1,0.35,0,0.34
180,CloMin2,Sandyloam,0.72,0.424,2,0.201,1.092,0.58,0.16,0.17,0.67,0.021,0.97,0.59,0.07224,0.78,1.5354,0,0,1,0.35,0,0.45
181,CloMin2,Sandyloam,0.79,0.477,3,0.405,1.046,0.6,0.16,0.17,0.67,0.021,0.88,0.59,0.07224,0.78,1.5354,0,0,1,0.35,0,0.4
182,LERB_CL2,Sandyloam,0.23,0.13,150,2.176,1.15,0.56,0.164,0.076,0.76,0.016,0.5,0.35,0,1.755,1.188,0,0,1,0.16,0,0.12
183,LERB_CL2,Sandyloam,0.26,0.15,50,1.699,1.15,0.56,0.164,0.076,0.76,0.016,0.56,0.35,0,1.755,1.188,0,0,1,0.16,0,0.15
184,LERB_CL2,Sandyloam,0.33,0.19,10,1,1.15,0.56,0.164,0.076,0.76,0.016,0.72,0.35,0,1.755,1.188,0,0,1,0.16,0,0.2
185,LERB_CL2,Sandyloam,0.46,0.26,3,0.477,1.15,0.56,0.164,0.076,0.76,0.016,1,0.35,0,1.755,1.188,0,0,1,0.16,0,0.25
186,Frederick,Siltloam,0.12,0.07,14309,4.16,1.1,0.58,0.17,0.64,0.19,0.022,0.62,0.5,0,0.043,1.237,0,0,1,0.19,0,0.11
187,Frederick,Siltloam,0.32,0.18,4803,3.68,1.1,0.58,0.17,0.64,0.19,0.022,0.9,0.5,0,0.043,1.237,0,0,1,0.19,0,0.14
188,Frederick,Siltloam,0.51,0.29,631,2.8,1.1,0.58,0.17,0.64,0.19,0.022,0.99,0.5,0,0.043,1.237,0,0,1,0.19,0,0.23
189,Frederick,Siltloam,0.68,0.39,192,2.28,1.1,0.58,0.17,0.64,0.19,0.022,0.94,0.5,0,0.043,1.237,0,0,1,0.19,0,0.3
190,Frederick,Siltloam,0.79,0.45,68,1.83,1.1,0.58,0.17,0.64,0.19,0.022,0.65,0.5,0,0.043,1.237,0,0,1,0.19,0,0.37
191,Min3c,Sandyloam,0.06,0.034,6231,3.795,1.217,0.53,0.175,0.165,0.66,0.02,0.17,0.518,0,0.726,1.236,0,0,1,0.19,0,0.07
192,Min3c,Sandyloam,0.15,0.085,2054,3.313,1.177,0.55,0.175,0.165,0.66,0.02,0.45,0.518,0,0.726,1.236,0,0,1,0.19,0,0.09
193,Min3c,Sandyloam,0.29,0.149,583,2.765,1.289,0.5,0.175,0.165,0.66,0.02,0.62,0.518,0,0.726,1.236,0,0,1,0.19,0,0.12
194,Min3c,Sandyloam,0.41,0.197,179,2.252,1.37,0.47,0.175,0.165,0.66,0.02,0.7,0.518,0,0.726,1.236,0,0,1,0.19,0,0.16
195,Min3c,Sandyloam,0.43,0.223,47,1.672,1.279,0.51,0.175,0.165,0.66,0.02,0.79,0.518,0,0.726,1.236,0,0,1,0.19,0,0.22
196,Min3c,Sandyloam,0.46,0.248,20,1.292,1.229,0.53,0.175,0.165,0.66,0.02,0.81,0.518,0,0.726,1.236,0,0,1,0.19,0,0.27
197,Min3c,Sandyloam,0.65,0.325,7,0.872,1.323,0.49,0.175,0.165,0.66,0.02,0.87,0.518,0,0.726,1.236,0,0,1,0.19,0,0.34
198,Min3c,Sandyloam,0.78,0.387,5,0.719,1.333,0.49,0.175,0.165,0.66,0.02,0.96,0.518,0,0.726,1.236,0,0,1,0.19,0,0.37
199,Min3,Sandyloam,0.08,0.049,4918,3.692,1.055,0.59,0.175,0.165,0.66,0.02,0.26,0.518,0.059,1.365,1.374,0,0,1,0.27,0,0.08
200,Min3,Sandyloam,0.23,0.132,674,2.829,1.157,0.56,0.175,0.165,0.66,0.02,0.56,0.518,0.059,1.365,1.374,0,0,1,0.27,0,0.09
201,Min3,Sandyloam,0.34,0.2,35,1.544,1.101,0.58,0.175,0.165,0.66,0.02,0.89,0.518,0.059,1.365,1.374,0,0,1,0.27,0,0.17
202,Min3,Sandyloam,0.44,0.256,12,1.093,1.121,0.57,0.175,0.165,0.66,0.02,0.81,0.518,0.059,1.365,1.374,0,0,1,0.27,0,0.22
203,Min3,Sandyloam,0.49,0.291,4,0.58,1.064,0.59,0.175,0.165,0.66,0.02,0.92,0.518,0.059,1.365,1.374,0,0,1,0.27,0,0.3
204,Min3,Sandyloam,0.54,0.331,3,0.468,1.035,0.6,0.175,0.165,0.66,0.02,0.85,0.518,0.059,1.365,1.374,0,0,1,0.27,0,0.32
205,Min3,Sandyloam,0.69,0.412,2,0.316,1.062,0.59,0.175,0.165,0.66,0.02,0.88,0.518,0.059,1.365,1.374,0,0,1,0.27,0,0.35
206,Min3,Sandyloam,0.82,0.487,1,0.14,1.068,0.59,0.175,0.165,0.66,0.02,1,0.518,0.059,1.365,1.374,0,0,1,0.27,0,0.39
207,Clarion,Siltloam,0.12,0.07,11315,4.05,1.2,0.54,0.18,0.29,0.53,0.014,0.61,0.56,0,0.166,1.1956,0,0,1,0.16,0,0.13
208,Clarion,Siltloam,0.31,0.17,4879,3.69,1.2,0.54,0.18,0.29,0.53,0.014,0.93,0.56,0,0.166,1.1956,0,0,1,0.16,0,0.15
209,Clarion,Siltloam,0.49,0.27,404,2.61,1.2,0.54,0.18,0.29,0.53,0.014,0.95,0.56,0,0.166,1.1956,0,0,1,0.16,0,0.25
210,Clarion,Siltloam,0.66,0.36,90,1.96,1.2,0.54,0.18,0.29,0.53,0.014,0.69,0.56,0,0.166,1.1956,0,0,1,0.16,0,0.33
211,Clarion,Siltloam,0.72,0.39,50,1.7,1.2,0.54,0.18,0.29,0.53,0.014,0.42,0.56,0,0.166,1.1956,0,0,1,0.16,0,0.37
212,Min4c,Loamysand,0.08,0.038,4522,3.655,1.374,0.48,0.19,0.1,0.71,0.011,0.09,0.439,0.02,0.226,1.336,0,0,1,0.25,0,0.06
213,Min4c,Loamysand,0.21,0.1,1454,3.163,1.389,0.47,0.19,0.1,0.71,0.011,0.49,0.439,0.02,0.226,1.336,0,0,1,0.25,0,0.08
214,Min4c,Loamysand,0.47,0.185,109,2.037,1.597,0.39,0.19,0.1,0.71,0.011,0.62,0.439,0.02,0.226,1.336,0,0,1,0.25,0,0.16
215,Min4c,Loamysand,0.44,0.203,43,1.634,1.412,0.46,0.19,0.1,0.71,0.011,0.89,0.439,0.02,0.226,1.336,0,0,1,0.25,0,0.21
216,Min4c,Loamysand,0.64,0.269,15,1.178,1.543,0.41,0.19,0.1,0.71,0.011,0.85,0.439,0.02,0.226,1.336,0,0,1,0.25,0,0.29
217,Min4c,Loamysand,0.71,0.305,9,0.936,1.511,0.43,0.19,0.1,0.71,0.011,1,0.439,0.02,0.226,1.336,0,0,1,0.25,0,0.33
219,Min4,Loamysand,0.1,0.056,3896,3.591,1.217,0.54,0.19,0.1,0.71,0.011,0.46,0.439,0.053,0.623,1.504,0,0,1,0.34,0,0.06
220,Min4,Loamysand,0.26,0.14,182,2.259,1.226,0.53,0.19,0.1,0.71,0.011,0.88,0.439,0.053,0.623,1.504,0,0,1,0.34,0,0.09
221,Min4,Loamysand,0.47,0.238,8,0.925,1.306,0.5,0.19,0.1,0.71,0.011,0.92,0.439,0.053,0.623,1.504,0,0,1,0.34,0,0.22
222,Min4,Loamysand,0.61,0.304,5,0.69,1.333,0.49,0.19,0.1,0.71,0.011,0.91,0.439,0.053,0.623,1.504,0,0,1,0.34,0,0.26
223,Min4,Loamysand,0.68,0.35,2,0.382,1.279,0.51,0.19,0.1,0.71,0.011,0.99,0.439,0.053,0.623,1.504,0,0,1,0.34,0,0.32
224,Min4,Loamysand,0.79,0.409,2,0.255,1.279,0.51,0.19,0.1,0.71,0.011,1,0.439,0.053,0.623,1.504,0,0,1,0.34,0,0.35
225,Min4,Loamysand,0.81,0.453,1,0.137,1.168,0.56,0.19,0.1,0.71,0.011,0.88,0.439,0.053,0.623,1.504,0,0,1,0.34,0,0.37
226,Min4,Loamysand,0.87,0.504,2,0.196,1.106,0.58,0.19,0.1,0.71,0.011,0.64,0.439,0.053,0.623,1.504,0,0,1,0.34,0,0.36
227,Miami,Siltloam,0.11,0.06,32281,4.51,1.2,0.54,0.2,0.51,0.29,0.013,0.51,0.46,0.01,0.02456,1.206,0,0,1,0.17,0,0.12
228,Miami,Siltloam,0.3,0.16,2236,3.35,1.2,0.54,0.2,0.51,0.29,0.013,0.72,0.46,0.01,0.02456,1.206,0,0,1,0.17,0,0.21
229,Miami,Siltloam,0.48,0.26,373,2.57,1.2,0.54,0.2,0.51,0.29,0.013,0.87,0.46,0.01,0.02456,1.206,0,0,1,0.17,0,0.29
230,Miami,Siltloam,0.65,0.35,99,2,1.2,0.54,0.2,0.51,0.29,0.013,0.99,0.46,0.01,0.02456,1.206,0,0,1,0.17,0,0.37
231,Miami,Siltloam,0.84,0.45,8,0.89,1.2,0.54,0.2,0.51,0.29,0.013,0.75,0.46,0.01,0.02456,1.206,0,0,1,0.17,0,0.45
232,LERB_NA3,Sandyclayloam,0.27,0.16,150,2.176,1.1,0.58,0.208,0.112,0.68,0.013,0.57,0.2708,0.136,0.1414,1.5642,0,0,1,0.36,0,0.16
233,LERB_NA3,Sandyclayloam,0.32,0.18,50,1.699,1.1,0.58,0.208,0.112,0.68,0.013,0.64,0.2708,0.136,0.1414,1.5642,0,0,1,0.36,0,0.18
234,LERB_NA3,Sandyclayloam,0.39,0.23,10,1,1.1,0.58,0.208,0.112,0.68,0.013,0.74,0.2708,0.136,0.1414,1.5642,0,0,1,0.36,0,0.23
235,LERB_NA3,Sandyclayloam,0.45,0.26,3,0.477,1.1,0.58,0.208,0.112,0.68,0.013,1,0.2708,0.136,0.1414,1.5642,0,0,1,0.36,0,0.26
236,Bro3c,Sandyclayloam,0.06,0.033,5818,3.765,1.188,0.54,0.21,0.175,0.615,0.016,0.15,0.528,0,0.808,1.234,0,0,1,0.19,0,0.07
237,Bro3c,Sandyclayloam,0.15,0.083,2363,3.374,1.152,0.56,0.21,0.175,0.615,0.016,0.41,0.528,0,0.808,1.234,0,0,1,0.19,0,0.09
238,Bro3c,Sandyclayloam,0.27,0.144,757,2.879,1.238,0.53,0.21,0.175,0.615,0.016,0.58,0.528,0,0.808,1.234,0,0,1,0.19,0,0.12
239,Bro3c,Sandyclayloam,0.33,0.178,267,2.427,1.235,0.53,0.21,0.175,0.615,0.016,0.73,0.528,0,0.808,1.234,0,0,1,0.19,0,0.15
240,Bro3c,Sandyclayloam,0.38,0.209,44,1.642,1.199,0.54,0.21,0.175,0.615,0.016,0.87,0.528,0,0.808,1.234,0,0,1,0.19,0,0.23
241,Bro3c,Sandyclayloam,0.54,0.269,19,1.278,1.333,0.49,0.21,0.175,0.615,0.016,0.88,0.528,0,0.808,1.234,0,0,1,0.19,0,0.28
242,Bro3c,Sandyclayloam,0.68,0.332,11,1.036,1.351,0.48,0.21,0.175,0.615,0.016,1,0.528,0,0.808,1.234,0,0,1,0.19,0,0.31
243,Bro3c,Sandyclayloam,0.76,0.383,4,0.563,1.319,0.49,0.21,0.175,0.615,0.016,0.68,0.528,0,0.808,1.234,0,0,1,0.19,0,0.39
244,Bro3,Sandyclayloam,0.09,0.05,3896,3.591,1.092,0.58,0.21,0.175,0.615,0.016,0.55,0.528,0.059,0.829,1.499,0,0,1,0.33,0,0.07
245,Bro3,Sandyclayloam,0.22,0.126,674,2.829,1.104,0.58,0.21,0.175,0.615,0.016,0.54,0.528,0.059,0.829,1.499,0,0,1,0.33,0,0.08
246,Bro3,Sandyclayloam,0.33,0.194,26,1.417,1.068,0.59,0.21,0.175,0.615,0.016,0.82,0.528,0.059,0.829,1.499,0,0,1,0.33,0,0.16
247,Bro3,Sandyclayloam,0.41,0.246,8,0.883,1.078,0.59,0.21,0.175,0.615,0.016,1,0.528,0.059,0.829,1.499,0,0,1,0.33,0,0.24
248,Bro3,Sandyclayloam,0.52,0.304,4,0.631,1.111,0.57,0.21,0.175,0.615,0.016,0.84,0.528,0.059,0.829,1.499,0,0,1,0.33,0,0.3
249,Bro3,Sandyclayloam,0.54,0.33,3,0.415,1.031,0.6,0.21,0.175,0.615,0.016,0.94,0.528,0.059,0.829,1.499,0,0,1,0.33,0,0.35
250,Bro3,Sandyclayloam,0.73,0.428,3,0.431,1.104,0.58,0.21,0.175,0.615,0.016,0.82,0.528,0.059,0.829,1.499,0,0,1,0.33,0,0.35
251,Bro3,Sandyclayloam,0.83,0.494,2,0.215,1.082,0.59,0.21,0.175,0.615,0.016,0.68,0.528,0.059,0.829,1.499,0,0,1,0.33,0,0.4
252,CloMin3c,Loam,0.05,0.031,7142,3.854,1.109,0.57,0.215,0.275,0.51,0.029,0.13,0.57,0,0.77,1.223,0,0,1,0.18,0,0.08
253,CloMin3c,Loam,0.14,0.08,3650,3.562,1.111,0.57,0.215,0.275,0.51,0.029,0.4,0.57,0,0.77,1.223,0,0,1,0.18,0,0.1
254,CloMin3c,Loam,0.24,0.134,1777,3.25,1.155,0.55,0.215,0.275,0.51,0.029,0.48,0.57,0,0.77,1.223,0,0,1,0.18,0,0.11
255,CloMin3c,Loam,0.27,0.157,845,2.927,1.087,0.58,0.215,0.275,0.51,0.029,0.6,0.57,0,0.77,1.223,0,0,1,0.18,0,0.13
256,CloMin3c,Loam,0.34,0.195,291,2.464,1.121,0.57,0.215,0.275,0.51,0.029,0.65,0.57,0,0.77,1.223,0,0,1,0.18,0,0.17
257,CloMin3c,Loam,0.4,0.229,66,1.818,1.131,0.56,0.215,0.275,0.51,0.029,0.98,0.57,0,0.77,1.223,0,0,1,0.18,0,0.24
258,CloMin3c,Loam,0.57,0.303,27,1.424,1.232,0.52,0.215,0.275,0.51,0.029,0.83,0.57,0,0.77,1.223,0,0,1,0.18,0,0.29
259,CloMin3c,Loam,0.61,0.339,10,1.008,1.168,0.55,0.215,0.275,0.51,0.029,0.96,0.57,0,0.77,1.223,0,0,1,0.18,0,0.36
260,CloMin3,Loam,0.08,0.048,2575,3.411,1.035,0.6,0.215,0.275,0.51,0.029,0.24,0.57,0,1.843,1.262,0,0,1,0.21,0,0.06
261,CloMin3,Loam,0.17,0.108,1139,3.057,0.945,0.63,0.215,0.275,0.51,0.029,0.47,0.57,0,1.843,1.262,0,0,1,0.21,0,0.08
262,CloMin3,Loam,0.28,0.176,70,1.848,0.965,0.63,0.215,0.275,0.51,0.029,0.72,0.57,0,1.843,1.262,0,0,1,0.21,0,0.16
263,CloMin3,Loam,0.35,0.223,28,1.444,0.977,0.62,0.215,0.275,0.51,0.029,0.73,0.57,0,1.843,1.262,0,0,1,0.21,0,0.2
264,CloMin3,Loam,0.43,0.27,13,1.129,0.986,0.62,0.215,0.275,0.51,0.029,0.86,0.57,0,1.843,1.262,0,0,1,0.21,0,0.24
265,CloMin3,Loam,0.55,0.334,5,0.729,1.044,0.6,0.215,0.275,0.51,0.029,0.9,0.57,0,1.843,1.262,0,0,1,0.21,0,0.31
266,CloMin3,Loam,0.58,0.371,4,0.574,0.956,0.63,0.215,0.275,0.51,0.029,0.93,0.57,0,1.843,1.262,0,0,1,0.21,0,0.34
267,CloMin3,Loam,0.67,0.431,2,0.328,0.945,0.63,0.215,0.275,0.51,0.029,0.98,0.57,0,1.843,1.262,0,0,1,0.21,0,0.39
268,Crider,Siltloam,0.1,0.06,32505,4.51,1.1,0.58,0.22,0.75,0.03,0.021,0.58,0.475,0,0.03,1.196,0,0,1,0.16,0,0.12
269,Crider,Siltloam,0.29,0.17,1928,3.29,1.1,0.58,0.22,0.75,0.03,0.021,0.84,0.475,0,0.03,1.196,0,0,1,0.16,0,0.21
270,Crider,Siltloam,0.48,0.27,306,2.49,1.1,0.58,0.22,0.75,0.03,0.021,0.96,0.475,0,0.03,1.196,0,0,1,0.16,0,0.3
271,Crider,Siltloam,0.64,0.37,75,1.87,1.1,0.58,0.22,0.75,0.03,0.021,1,0.475,0,0.03,1.196,0,0,1,0.16,0,0.38
272,Crider,Siltloam,0.79,0.46,8,0.89,1.1,0.58,0.22,0.75,0.03,0.021,0.75,0.475,0,0.03,1.196,0,0,1,0.16,0,0.46
273,Mohave,Sandyclayloam,0.11,0.06,36569,4.56,1.2,0.54,0.22,0.24,0.54,0.007,0.77,0.44,0.015,0.0712,1.288,0,0,1,0.22,0,0.06
274,Mohave,Sandyclayloam,0.29,0.16,574,2.76,1.2,0.54,0.22,0.24,0.54,0.007,0.95,0.44,0.015,0.0712,1.288,0,0,1,0.22,0,0.16
275,Mohave,Sandyclayloam,0.47,0.26,93,1.97,1.2,0.54,0.22,0.24,0.54,0.007,0.97,0.44,0.015,0.0712,1.288,0,0,1,0.22,0,0.26
276,Mohave,Sandyclayloam,0.63,0.34,27,1.43,1.2,0.54,0.22,0.24,0.54,0.007,0.94,0.44,0.015,0.0712,1.288,0,0,1,0.22,0,0.34
277,Mohave,Sandyclayloam,0.79,0.43,3,0.47,1.2,0.54,0.22,0.24,0.54,0.007,0.67,0.44,0.015,0.0712,1.288,0,0,1,0.22,0,0.43
278,CloMin5c,Sandyclayloam,0.06,0.034,6371,3.804,1.232,0.53,0.245,0.145,0.61,0.012,0.11,0.479,0.017,0.486,1.32,0,0,1,0.24,0,0.05
279,CloMin5c,Sandyclayloam,0.18,0.092,2278,3.358,1.276,0.51,0.245,0.145,0.61,0.012,0.4,0.479,0.017,0.486,1.32,0,0,1,0.24,0,0.07
280,CloMin5c,Sandyclayloam,0.29,0.15,48,1.677,1.292,0.51,0.245,0.145,0.61,0.012,0.63,0.479,0.017,0.486,1.32,0,0,1,0.24,0,0.19
281,CloMin5c,Sandyclayloam,0.38,0.191,49,1.688,1.33,0.49,0.245,0.145,0.61,0.012,0.74,0.479,0.017,0.486,1.32,0,0,1,0.24,0,0.18
282,CloMin5c,Sandyclayloam,0.55,0.25,19,1.289,1.437,0.45,0.245,0.145,0.61,0.012,0.85,0.479,0.017,0.486,1.32,0,0,1,0.24,0,0.24
283,CloMin5c,Sandyclayloam,0.81,0.322,8,0.903,1.592,0.39,0.245,0.145,0.61,0.012,0.83,0.479,0.017,0.486,1.32,0,0,1,0.24,0,0.31
284,CloMin5c,Sandyclayloam,0.84,0.367,4,0.55,1.493,0.43,0.245,0.145,0.61,0.012,0.77,0.479,0.017,0.486,1.32,0,0,1,0.24,0,0.37
285,CloMin5c,Sandyclayloam,0.86,0.405,2,0.236,1.397,0.47,0.245,0.145,0.61,0.012,0.65,0.479,0.017,0.486,1.32,0,0,1,0.24,0,0.42
286,Bro4c,Sandyclayloam,0.06,0.033,6517,3.814,1.163,0.55,0.245,0.22,0.535,0.019,0.16,0.547,0,1.015,1.233,0,0,1,0.19,0,0.07
287,Bro4c,Sandyclayloam,0.14,0.082,2565,3.409,1.139,0.56,0.245,0.22,0.535,0.019,0.47,0.547,0,1.015,1.233,0,0,1,0.19,0,0.09
288,Bro4c,Sandyclayloam,0.24,0.135,1240,3.093,1.166,0.55,0.245,0.22,0.535,0.019,0.57,0.547,0,1.015,1.233,0,0,1,0.19,0,0.1
289,Bro4c,Sandyclayloam,0.3,0.169,325,2.512,1.174,0.55,0.245,0.22,0.535,0.019,0.72,0.547,0,1.015,1.233,0,0,1,0.19,0,0.14
290,Bro4c,Sandyclayloam,0.37,0.205,51,1.71,1.177,0.55,0.245,0.22,0.535,0.019,0.81,0.547,0,1.015,1.233,0,0,1,0.19,0,0.22
291,Bro4c,Sandyclayloam,0.45,0.246,23,1.357,1.217,0.53,0.245,0.22,0.535,0.019,1,0.547,0,1.015,1.233,0,0,1,0.19,0,0.26
292,Bro4c,Sandyclayloam,0.6,0.311,11,1.037,1.266,0.51,0.245,0.22,0.535,0.019,0.77,0.547,0,1.015,1.233,0,0,1,0.19,0,0.31
293,Bro4c,Sandyclayloam,0.74,0.376,5,0.684,1.295,0.5,0.245,0.22,0.535,0.019,0.72,0.547,0,1.015,1.233,0,0,1,0.19,0,0.37
294,CloMin5,Sandyclayloam,0.09,0.051,4100,3.613,1.111,0.58,0.245,0.145,0.61,0.012,0.18,0.479,0.057,0.664,1.701,0,0,1,0.41,0,0.06
295,CloMin5,Sandyclayloam,0.24,0.135,291,2.464,1.185,0.55,0.245,0.145,0.61,0.012,0.64,0.479,0.057,0.664,1.701,0,0,1,0.41,0,0.07
296,CloMin5,Sandyclayloam,0.38,0.213,9,0.929,1.168,0.55,0.245,0.145,0.61,0.012,0.87,0.479,0.057,0.664,1.701,0,0,1,0.41,0,0.18
297,CloMin5,Sandyclayloam,0.47,0.264,3,0.504,1.157,0.56,0.245,0.145,0.61,0.012,0.89,0.479,0.057,0.664,1.701,0,0,1,0.41,0,0.28
298,CloMin5,Sandyclayloam,0.57,0.319,3,0.489,1.166,0.55,0.245,0.145,0.61,0.012,1,0.479,0.057,0.664,1.701,0,0,1,0.41,0,0.29
299,CloMin5,Sandyclayloam,0.6,0.35,3,0.423,1.094,0.58,0.245,0.145,0.61,0.012,0.91,0.479,0.057,0.664,1.701,0,0,1,0.41,0,0.31
300,CloMin5,Sandyclayloam,0.8,0.449,2,0.387,1.157,0.56,0.245,0.145,0.61,0.012,0.85,0.479,0.057,0.664,1.701,0,0,1,0.41,0,0.32
301,CloMin5,Sandyclayloam,0.78,0.474,1,0.121,1.04,0.6,0.245,0.145,0.61,0.012,0.55,0.479,0.057,0.664,1.701,0,0,1,0.41,0,0.39
302,Bro4,Sandyclayloam,0.08,0.048,4204,3.624,1.037,0.6,0.245,0.22,0.535,0.019,0.18,0.547,0.062,1.198,1.485,0,0,1,0.33,0,0.07
303,Bro4,Sandyclayloam,0.19,0.118,1304,3.115,1.033,0.6,0.245,0.22,0.535,0.019,0.5,0.547,0.062,1.198,1.485,0,0,1,0.33,0,0.08
304,Bro4,Sandyclayloam,0.26,0.169,39,1.589,0.931,0.64,0.245,0.22,0.535,0.019,0.82,0.547,0.062,1.198,1.485,0,0,1,0.33,0,0.14
305,Bro4,Sandyclayloam,0.36,0.224,8,0.904,0.984,0.62,0.245,0.22,0.535,0.019,0.88,0.547,0.062,1.198,1.485,0,0,1,0.33,0,0.22
306,Bro4,Sandyclayloam,0.49,0.292,4,0.649,1.066,0.59,0.245,0.22,0.535,0.019,0.88,0.547,0.062,1.198,1.485,0,0,1,0.33,0,0.27
307,Bro4,Sandyclayloam,0.53,0.327,3,0.517,1.023,0.61,0.245,0.22,0.535,0.019,0.87,0.547,0.062,1.198,1.485,0,0,1,0.33,0,0.3
308,Bro4,Sandyclayloam,0.63,0.39,2,0.201,1.006,0.61,0.245,0.22,0.535,0.019,0.97,0.547,0.062,1.198,1.485,0,0,1,0.33,0,0.38
309,Bro4,Sandyclayloam,0.81,0.485,2,0.199,1.064,0.59,0.245,0.22,0.535,0.019,0.94,0.547,0.062,1.198,1.485,0,0,1,0.33,0,0.38
310,CloMin4c,Sandyclayloam,0.06,0.032,7459,3.873,1.157,0.56,0.255,0.205,0.54,0.017,0.13,0.522,0,0.612,1.221,0,0,1,0.18,0,0.08
311,CloMin4c,Sandyclayloam,0.16,0.088,2720,3.435,1.223,0.53,0.255,0.205,0.54,0.017,0.29,0.522,0,0.612,1.221,0,0,1,0.18,0,0.1
312,CloMin4c,Sandyclayloam,0.26,0.14,1571,3.196,1.205,0.54,0.255,0.205,0.54,0.017,0.44,0.522,0,0.612,1.221,0,0,1,0.18,0,0.11
313,CloMin4c,Sandyclayloam,0.3,0.168,460,2.663,1.168,0.55,0.255,0.205,0.54,0.017,0.63,0.522,0,0.612,1.221,0,0,1,0.18,0,0.15
314,CloMin4c,Sandyclayloam,0.48,0.234,87,1.94,1.344,0.49,0.255,0.205,0.54,0.017,0.84,0.522,0,0.612,1.221,0,0,1,0.18,0,0.22
315,CloMin4c,Sandyclayloam,0.56,0.274,31,1.487,1.355,0.48,0.255,0.205,0.54,0.017,0.96,0.522,0,0.612,1.221,0,0,1,0.18,0,0.27
316,CloMin4c,Sandyclayloam,0.66,0.328,12,1.064,1.333,0.49,0.255,0.205,0.54,0.017,0.92,0.522,0,0.612,1.221,0,0,1,0.18,0,0.33
317,CloMin4c,Sandyclayloam,0.81,0.394,4,0.622,1.359,0.48,0.255,0.205,0.54,0.017,0.82,0.522,0,0.612,1.221,0,0,1,0.18,0,0.4
318,CloMin4,Sandyclayloam,0.08,0.048,5194,3.716,1.046,0.6,0.255,0.205,0.54,0.017,0.22,0.522,0,2.141,1.237,0,0,1,0.19,0,0.06
319,CloMin4,Sandyclayloam,0.19,0.117,1199,3.079,1.023,0.61,0.255,0.205,0.54,0.017,0.8,0.522,0,2.141,1.237,0,0,1,0.19,0,0.08
320,CloMin4,Sandyclayloam,0.33,0.194,42,1.624,1.068,0.59,0.255,0.205,0.54,0.017,0.82,0.522,0,2.141,1.237,0,0,1,0.19,0,0.18
321,CloMin4,Sandyclayloam,0.44,0.254,10,1.01,1.114,0.57,0.255,0.205,0.54,0.017,0.91,0.522,0,2.141,1.237,0,0,1,0.19,0,0.25
322,CloMin4,Sandyclayloam,0.44,0.276,5,0.714,1.006,0.61,0.255,0.205,0.54,0.017,0.91,0.522,0,2.141,1.237,0,0,1,0.19,0,0.29
323,CloMin4,Sandyclayloam,0.61,0.354,3,0.461,1.106,0.58,0.255,0.205,0.54,0.017,1,0.522,0,2.141,1.237,0,0,1,0.19,0,0.33
324,CloMin4,Sandyclayloam,0.7,0.416,2,0.193,1.073,0.59,0.255,0.205,0.54,0.017,0.95,0.522,0,2.141,1.237,0,0,1,0.19,0,0.38
325,CloMin4,Sandyclayloam,0.81,0.483,5,0.678,1.059,0.59,0.255,0.205,0.54,0.017,0.84,0.522,0,2.141,1.237,0,0,1,0.19,0,0.3
326,LERB_CL4,Sandyclayloam,0.31,0.18,150,2.176,1.08,0.59,0.258,0.092,0.65,0.019,0.52,0.35,0,0.76,1.15,0,0,1,0.13,0,0.17
327,LERB_CL4,Sandyclayloam,0.35,0.2,50,1.699,1.08,0.59,0.258,0.092,0.65,0.019,0.64,0.35,0,0.76,1.15,0,0,1,0.13,0,0.2
328,LERB_CL4,Sandyclayloam,0.41,0.24,10,1,1.08,0.59,0.258,0.092,0.65,0.019,0.79,0.35,0,0.76,1.15,0,0,1,0.13,0,0.26
329,LERB_CL4,Sandyclayloam,0.53,0.31,3,0.477,1.08,0.59,0.258,0.092,0.65,0.019,1,0.35,0,0.76,1.15,0,0,1,0.13,0,0.3
330,FortCollins,Sandyclayloam,0.1,0.06,36569,4.56,1.2,0.54,0.26,0.19,0.55,0.008,0.48,0.4166,0.024,0.045,1.322,0,0,1,0.24,0,0.06
331,FortCollins,Sandyclayloam,0.28,0.15,774,2.89,1.2,0.54,0.26,0.19,0.55,0.008,0.98,0.4166,0.024,0.045,1.322,0,0,1,0.24,0,0.15
332,FortCollins,Sandyclayloam,0.45,0.25,111,2.05,1.2,0.54,0.26,0.19,0.55,0.008,0.93,0.4166,0.024,0.045,1.322,0,0,1,0.24,0,0.25
333,FortCollins,Sandyclayloam,0.62,0.34,30,1.47,1.2,0.54,0.26,0.19,0.55,0.008,0.89,0.4166,0.024,0.045,1.322,0,0,1,0.24,0,0.34
334,FortCollins,Sandyclayloam,0.76,0.41,3,0.47,1.2,0.54,0.26,0.19,0.55,0.008,0.66,0.4166,0.024,0.045,1.322,0,0,1,0.24,0,0.41
335,Min5c,Sandyclayloam,0.07,0.036,6231,3.795,1.272,0.51,0.26,0.17,0.57,0.013,0.12,0.509,0,0.409,1.216,0,0,1,0.18,0,0.09
336,Min5c,Sandyclayloam,0.15,0.084,5448,3.736,1.168,0.55,0.26,0.17,0.57,0.013,0.23,0.509,0,0.409,1.216,0,0,1,0.18,0,0.1
337,Min5c,Sandyclayloam,0.32,0.157,1698,3.23,1.355,0.48,0.26,0.17,0.57,0.013,0.48,0.509,0,0.409,1.216,0,0,1,0.18,0,0.12
338,Min5c,Sandyclayloam,0.36,0.185,623,2.794,1.282,0.51,0.26,0.17,0.57,0.013,0.78,0.509,0,0.409,1.216,0,0,1,0.18,0,0.15
339,Min5c,Sandyclayloam,0.46,0.231,122,2.086,1.326,0.49,0.26,0.17,0.57,0.013,0.65,0.509,0,0.409,1.216,0,0,1,0.18,0,0.22
340,Min5c,Sandyclayloam,0.53,0.266,39,1.596,1.319,0.5,0.26,0.17,0.57,0.013,0.77,0.509,0,0.409,1.216,0,0,1,0.18,0,0.28
341,Min5c,Sandyclayloam,0.66,0.329,15,1.181,1.337,0.49,0.26,0.17,0.57,0.013,0.86,0.509,0,0.409,1.216,0,0,1,0.18,0,0.34
342,Min5c,Sandyclayloam,0.79,0.39,7,0.839,1.344,0.49,0.26,0.17,0.57,0.013,0.83,0.509,0,0.409,1.216,0,0,1,0.18,0,0.39
343,Min5,Sandyclayloam,0.08,0.049,6231,3.795,1.071,0.59,0.26,0.17,0.57,0.013,0.15,0.509,0.046,1.318,1.31,0,0,1,0.24,0,0.07
344,Min5,Sandyclayloam,0.21,0.124,2054,3.313,1.092,0.58,0.26,0.17,0.57,0.013,0.47,0.509,0.046,1.318,1.31,0,0,1,0.24,0,0.09
345,Min5,Sandyclayloam,0.36,0.206,48,1.683,1.131,0.57,0.26,0.17,0.57,0.013,0.71,0.509,0.046,1.318,1.31,0,0,1,0.24,0,0.17
346,Min5,Sandyclayloam,0.42,0.246,24,1.373,1.08,0.59,0.26,0.17,0.57,0.013,0.81,0.509,0.046,1.318,1.31,0,0,1,0.24,0,0.21
347,Min5,Sandyclayloam,0.49,0.292,5,0.725,1.066,0.59,0.26,0.17,0.57,0.013,0.86,0.509,0.046,1.318,1.31,0,0,1,0.24,0,0.29
348,Min5,Sandyclayloam,0.55,0.334,4,0.647,1.044,0.6,0.26,0.17,0.57,0.013,0.88,0.509,0.046,1.318,1.31,0,0,1,0.24,0,0.31
349,Min5,Sandyclayloam,0.71,0.419,3,0.539,1.08,0.59,0.26,0.17,0.57,0.013,0.95,0.509,0.046,1.318,1.31,0,0,1,0.24,0,0.33
350,Min5,Sandyclayloam,0.8,0.481,1,0.111,1.055,0.6,0.26,0.17,0.57,0.013,1,0.509,0.046,1.318,1.31,0,0,1,0.24,0,0.4
351,Ah,Clayloam,0.2,0.14,767,2.885,0.7,0.71,0.3,0.45,0.25,0.101,0.75,0.56,0.146,2.407,1.3385,0,0,1,0.25,0,0.18
352,Ah,Clayloam,0.2,0.14,1735,3.239,0.7,0.71,0.3,0.45,0.25,0.101,0.73,0.56,0.146,2.407,1.3385,0,0,1,0.25,0,0.17
353,Ah,Clayloam,0.2,0.14,1939,3.288,0.7,0.71,0.3,0.45,0.25,0.101,0.71,0.56,0.146,2.407,1.3385,0,0,1,0.25,0,0.17
354,Ah,Clayloam,0.2,0.14,2693,3.43,0.7,0.71,0.3,0.45,0.25,0.101,0.77,0.56,0.146,2.407,1.3385,0,0,1,0.25,0,0.17
355,Ah,Clayloam,0.3,0.21,57,1.758,0.7,0.71,0.3,0.45,0.25,0.101,0.72,0.56,0.146,2.407,1.3385,0,0,1,0.25,0,0.22
356,Ah,Clayloam,0.3,0.21,120,2.08,0.7,0.71,0.3,0.45,0.25,0.101,0.82,0.56,0.146,2.407,1.3385,0,0,1,0.25,0,0.21
357,Ah,Clayloam,0.3,0.21,169,2.228,0.7,0.71,0.3,0.45,0.25,0.101,0.88,0.56,0.146,2.407,1.3385,0,0,1,0.25,0,0.2
358,Ah,Clayloam,0.3,0.21,770,2.887,0.7,0.71,0.3,0.45,0.25,0.101,0.85,0.56,0.146,2.407,1.3385,0,0,1,0.25,0,0.18
359,Ah,Clayloam,0.39,0.28,6,0.765,0.7,0.71,0.3,0.45,0.25,0.101,0.87,0.56,0.146,2.407,1.3385,0,0,1,0.25,0,0.31
360,Ah,Clayloam,0.39,0.28,6,0.786,0.7,0.71,0.3,0.45,0.25,0.101,0.88,0.56,0.146,2.407,1.3385,0,0,1,0.25,0,0.31
361,Ah,Clayloam,0.39,0.28,34,1.531,0.7,0.71,0.3,0.45,0.25,0.101,0.86,0.56,0.146,2.407,1.3385,0,0,1,0.25,0,0.24
362,Ah,Clayloam,0.39,0.28,614,2.788,0.7,0.71,0.3,0.45,0.25,0.101,0.82,0.56,0.146,2.407,1.3385,0,0,1,0.25,0,0.18
363,Ah,Clayloam,0.49,0.35,2,0.328,0.7,0.71,0.3,0.45,0.25,0.101,0.84,0.56,0.146,2.407,1.3385,0,0,1,0.25,0,0.38
364,Ah,Clayloam,0.49,0.35,2,0.368,0.7,0.71,0.3,0.45,0.25,0.101,1,0.56,0.146,2.407,1.3385,0,0,1,0.25,0,0.37
365,Ah,Clayloam,0.49,0.35,4,0.593,0.7,0.71,0.3,0.45,0.25,0.101,0.88,0.56,0.146,2.407,1.3385,0,0,1,0.25,0,0.34
366,Ah,Clayloam,0.6,0.42,1,0.125,0.7,0.71,0.3,0.45,0.25,0.101,0.9,0.56,0.146,2.407,1.3385,0,0,1,0.25,0,0.41
367,Ah,Clayloam,0.6,0.42,1,0.15,0.7,0.71,0.3,0.45,0.25,0.101,0.97,0.56,0.146,2.407,1.3385,0,0,1,0.25,0,0.41
368,Ah,Clayloam,0.6,0.42,1,0.172,0.7,0.71,0.3,0.45,0.25,0.101,0.79,0.56,0.146,2.407,1.3385,0,0,1,0.25,0,0.4
369,Ah,Clayloam,0.6,0.43,2,0.187,0.7,0.71,0.3,0.45,0.25,0.101,0.81,0.56,0.146,2.407,1.3385,0,0,1,0.25,0,0.4
370,LERB_NA4,Sandyclayloam,0.41,0.23,150,2.176,1.14,0.56,0.31,0.13,0.56,0.016,0.72,0.4,0,0.6,1.125,0,0,1,0.11,0,0.23
371,LERB_NA4,Sandyclayloam,0.45,0.26,50,1.699,1.14,0.56,0.31,0.13,0.56,0.016,0.74,0.4,0,0.6,1.125,0,0,1,0.11,0,0.26
372,LERB_NA4,Sandyclayloam,0.54,0.31,10,1,1.14,0.56,0.31,0.13,0.56,0.016,0.83,0.4,0,0.6,1.125,0,0,1,0.11,0,0.32
373,LERB_NA4,Sandyclayloam,0.64,0.36,3,0.477,1.14,0.56,0.31,0.13,0.56,0.016,1,0.4,0,0.6,1.125,0,0,1,0.11,0,0.35
374,Bro5c,Sandyclayloam,0.05,0.031,13323,4.125,1.119,0.57,0.33,0.18,0.49,0.016,0.09,0.567,0,0.912,1.204,0,0,1,0.17,0,0.08
375,Bro5c,Sandyclayloam,0.13,0.077,4582,3.661,1.066,0.59,0.33,0.18,0.49,0.016,0.16,0.567,0,0.912,1.204,0,0,1,0.17,0,0.1
376,Bro5c,Sandyclayloam,0.23,0.13,1872,3.272,1.119,0.57,0.33,0.18,0.49,0.016,0.47,0.567,0,0.912,1.204,0,0,1,0.17,0,0.12
377,Bro5c,Sandyclayloam,0.3,0.167,1086,3.036,1.163,0.55,0.33,0.18,0.49,0.016,0.66,0.567,0,0.912,1.204,0,0,1,0.17,0,0.14
378,Bro5c,Sandyclayloam,0.36,0.201,399,2.601,1.155,0.56,0.33,0.18,0.49,0.016,0.74,0.567,0,0.912,1.204,0,0,1,0.17,0,0.17
379,Bro5c,Sandyclayloam,0.43,0.239,96,1.983,1.182,0.55,0.33,0.18,0.49,0.016,0.79,0.567,0,0.912,1.204,0,0,1,0.17,0,0.23
380,Bro5c,Sandyclayloam,0.57,0.304,26,1.418,1.235,0.53,0.33,0.18,0.49,0.016,0.86,0.567,0,0.912,1.204,0,0,1,0.17,0,0.3
381,Bro5c,Sandyclayloam,0.6,0.336,10,0.988,1.157,0.56,0.33,0.18,0.49,0.016,0.9,0.567,0,0.912,1.204,0,0,1,0.17,0,0.36
382,Bro5,Sandyclayloam,0.07,0.045,11702,4.068,0.988,0.62,0.33,0.18,0.49,0.016,0.1,0.567,0.063,1.886,1.358,0,0,1,0.26,0,0.08
383,Bro5,Sandyclayloam,0.19,0.116,2479,3.394,1.016,0.61,0.33,0.18,0.49,0.016,0.32,0.567,0.063,1.886,1.358,0,0,1,0.26,0,0.09
384,Bro5,Sandyclayloam,0.28,0.175,110,2.041,0.962,0.63,0.33,0.18,0.49,0.016,0.73,0.567,0.063,1.886,1.358,0,0,1,0.26,0,0.14
385,Bro5,Sandyclayloam,0.33,0.212,20,1.305,0.931,0.64,0.33,0.18,0.49,0.016,0.82,0.567,0.063,1.886,1.358,0,0,1,0.26,0,0.2
386,Bro5,Sandyclayloam,0.42,0.267,9,0.975,0.975,0.63,0.33,0.18,0.49,0.016,0.77,0.567,0.063,1.886,1.358,0,0,1,0.26,0,0.24
387,Bro5,Sandyclayloam,0.48,0.305,4,0.588,0.952,0.64,0.33,0.18,0.49,0.016,0.94,0.567,0.063,1.886,1.358,0,0,1,0.26,0,0.31
388,Bro5,Sandyclayloam,0.56,0.361,3,0.433,0.929,0.64,0.33,0.18,0.49,0.016,0.9,0.567,0.063,1.886,1.358,0,0,1,0.26,0,0.34
389,Bro5,Sandyclayloam,0.76,0.468,1,0.17,1.027,0.61,0.33,0.18,0.49,0.016,1,0.567,0.063,1.886,1.358,0,0,1,0.26,0,0.39
390,LERB_NA5,Sandyclay,0.34,0.21,150,2.176,1.02,0.61,0.374,0.146,0.48,0.013,0.576,0.4,0,0.88,1.128,0,0,1,0.11,0,0.21
391,LERB_NA5,Sandyclay,0.41,0.25,50,1.699,1.02,0.61,0.374,0.146,0.48,0.013,0.63,0.4,0,0.88,1.128,0,0,1,0.11,0,0.25
392,LERB_NA5,Sandyclay,0.48,0.3,10,1,1.02,0.61,0.374,0.146,0.48,0.013,0.729,0.4,0,0.88,1.128,0,0,1,0.11,0,0.3
393,LERB_NA5,Sandyclay,0.55,0.34,3,0.477,1.02,0.61,0.374,0.146,0.48,0.013,0.9,0.4,0,0.88,1.128,0,0,1,0.11,0,0.34
394,LERB_CL6,Sandyclayloam,0.34,0.22,150,2.176,0.93,0.64,0.391,0.129,0.48,0.024,0.486,0.4,0,1.456,1.116,0,0,1,0.1,0,0.21
395,LERB_CL6,Sandyclayloam,0.37,0.24,50,1.699,0.93,0.64,0.391,0.129,0.48,0.024,0.648,0.4,0,1.456,1.116,0,0,1,0.1,0,0.24
396,LERB_CL6,Sandyclayloam,0.44,0.28,10,1,0.93,0.64,0.391,0.129,0.48,0.024,0.684,0.4,0,1.456,1.116,0,0,1,0.1,0,0.29
397,LERB_CL6,Sandyclayloam,0.53,0.34,3,0.477,0.93,0.64,0.391,0.129,0.48,0.024,0.9,0.4,0,1.456,1.116,0,0,1,0.1,0,0.33
398,Ac,Clayloam,0.25,0.2,39,1.595,0.6,0.769,0.4,0.3,0.3,0.023,0.792,0.436,0.18,0.485,1.8,0,0,1,0.44,0,0.2
399,Ac,Clayloam,0.26,0.2,42,1.618,0.6,0.769,0.4,0.3,0.3,0.023,0.729,0.436,0.18,0.485,1.8,0,0,1,0.44,0,0.2
400,Ac,Clayloam,0.25,0.2,45,1.658,0.6,0.769,0.4,0.3,0.3,0.023,0.729,0.436,0.18,0.485,1.8,0,0,1,0.44,0,0.2
401,Ac,Clayloam,0.3,0.23,15,1.188,0.6,0.769,0.4,0.3,0.3,0.023,0.819,0.436,0.18,0.485,1.8,0,0,1,0.44,0,0.23
402,Ac,Clayloam,0.3,0.23,17,1.24,0.6,0.769,0.4,0.3,0.3,0.023,0.765,0.436,0.18,0.485,1.8,0,0,1,0.44,0,0.23
403,Ac,Clayloam,0.3,0.23,20,1.308,0.6,0.769,0.4,0.3,0.3,0.023,0.855,0.436,0.18,0.485,1.8,0,0,1,0.44,0,0.22
404,Ac,Clayloam,0.34,0.26,6,0.754,0.6,0.769,0.4,0.3,0.3,0.023,0.81,0.436,0.18,0.485,1.8,0,0,1,0.44,0,0.29
405,Ac,Clayloam,0.34,0.26,7,0.845,0.6,0.769,0.4,0.3,0.3,0.023,0.855,0.436,0.18,0.485,1.8,0,0,1,0.44,0,0.27
406,Ac,Clayloam,0.34,0.27,8,0.876,0.6,0.769,0.4,0.3,0.3,0.023,0.9,0.436,0.18,0.485,1.8,0,0,1,0.44,0,0.27
407,Ac,Clayloam,0.34,0.26,8,0.92,0.6,0.769,0.4,0.3,0.3,0.023,0.774,0.436,0.18,0.485,1.8,0,0,1,0.44,0,0.26
408,Ac,Clayloam,0.39,0.3,3,0.537,0.6,0.769,0.4,0.3,0.3,0.023,0.873,0.436,0.18,0.485,1.8,0,0,1,0.44,0,0.33
409,Ac,Clayloam,0.39,0.3,4,0.638,0.6,0.769,0.4,0.3,0.3,0.023,0.891,0.436,0.18,0.485,1.8,0,0,1,0.44,0,0.31
410,Ac,Clayloam,0.39,0.3,5,0.71,0.6,0.769,0.4,0.3,0.3,0.023,0.81,0.436,0.18,0.485,1.8,0,0,1,0.44,0,0.29
411,Ac,Clayloam,0.39,0.3,5,0.713,0.6,0.769,0.4,0.3,0.3,0.023,0.855,0.436,0.18,0.485,1.8,0,0,1,0.44,0,0.29
412,Ac,Clayloam,0.43,0.33,3,0.515,0.6,0.769,0.4,0.3,0.3,0.023,0.864,0.436,0.18,0.485,1.8,0,0,1,0.44,0,0.33
413,Ac,Clayloam,0.43,0.33,4,0.585,0.6,0.769,0.4,0.3,0.3,0.023,0.792,0.436,0.18,0.485,1.8,0,0,1,0.44,0,0.32
414,Ac,Clayloam,0.43,0.33,4,0.593,0.6,0.769,0.4,0.3,0.3,0.023,0.81,0.436,0.18,0.485,1.8,0,0,1,0.44,0,0.32
415,Ac,Clayloam,0.43,0.33,4,0.614,0.6,0.769,0.4,0.3,0.3,0.023,0.873,0.436,0.18,0.485,1.8,0,0,1,0.44,0,0.31
416,LERB_NA6,Clay,0.37,0.24,150,2.176,0.96,0.63,0.452,0.148,0.4,0.013,0.666,0.5,0,3.32,1.116,0,0,1,0.1,0,0.24
417,LERB_NA6,Clay,0.43,0.28,50,1.699,0.96,0.63,0.452,0.148,0.4,0.013,0.666,0.5,0,3.32,1.116,0,0,1,0.1,0,0.28
418,LERB_NA6,Clay,0.52,0.33,10,1,0.96,0.63,0.452,0.148,0.4,0.013,0.765,0.5,0,3.32,1.116,0,0,1,0.1,0,0.33
419,LERB_NA6,Clay,0.59,0.38,3,0.477,0.96,0.63,0.452,0.148,0.4,0.013,0.9,0.5,0,3.32,1.116,0,0,1,0.1,0,0.38
420,Houston,Siltyclay,0.12,0.07,12765,4.11,1,0.62,0.46,0.42,0.12,0.016,0.48,0.6,0,0.075,1.146,0,0,1,0.13,0,0.22
421,Houston,Siltyclay,0.28,0.17,2955,3.47,1,0.62,0.46,0.42,0.12,0.016,0.87,0.6,0,0.075,1.146,0,0,1,0.13,0,0.27
422,Houston,Siltyclay,0.45,0.28,330,2.52,1,0.62,0.46,0.42,0.12,0.016,0.99,0.6,0,0.075,1.146,0,0,1,0.13,0,0.37
423,Houston,Siltyclay,0.62,0.38,100,2,1,0.62,0.46,0.42,0.12,0.016,0.92,0.6,0,0.075,1.146,0,0,1,0.13,0,0.44
424,Houston,Siltyclay,0.77,0.48,32,1.51,1,0.62,0.46,0.42,0.12,0.016,0.77,0.6,0,0.075,1.146,0,0,1,0.13,0,0.51
425,Wahiawa,Clay,0.13,0.08,36569,4.56,1.1,0.58,0.58,0.35,0.07,0.013,0.14,0.4,0,0.0379,1.2,0,0,1,0.17,0,0.09
426,Wahiawa,Clay,0.27,0.16,11724,4.07,1.1,0.58,0.58,0.35,0.07,0.013,0.55,0.6,0,0.0379,1.2,0,0,1,0.17,0,0.18
427,Wahiawa,Clay,0.43,0.25,8101,3.91,1.1,0.58,0.58,0.35,0.07,0.013,0.79,0.6,0,0.0379,1.2,0,0,1,0.17,0,0.19
428,Wahiawa,Clay,0.61,0.35,516,2.71,1.1,0.58,0.58,0.35,0.07,0.013,0.92,0.6,0,0.0379,1.2,0,0,1,0.17,0,0.33
429,Wahiawa,Clay,0.79,0.46,61,1.78,1.1,0.58,0.58,0.35,0.07,0.013,1,0.6,0,0.0379,1.2,0,0,1,0.17,0,0.48